index,task,label_type,mse_mean,mse_std,mse_count,pearson_mean,pearson_std,pearson_count,spearman_mean,spearman_std,spearman_count
0,ALL,trajectory_progress,0.00035556914129604894,0.0001705650045705667,3,0.9979413946469625,0.001002988577566635,3,0.9979556425395385,0.0010182381495174356,3
1,button-press-v3,trajectory_progress,0.0001999144587898627,1.714791855457578e-05,3,0.9989737868309021,3.609891722296314e-05,3,0.9991078370193763,4.7740755621789416e-05,3
2,drawer-open-v3,trajectory_progress,7.773859154743452e-05,2.721532637692768e-05,3,0.9995561242103577,0.00015646584824423915,3,0.9995613120438112,0.00016737985456367083,3
3,reach-v3,trajectory_progress,0.000989903889906903,0.0006581707359651719,3,0.9943733811378479,0.0037806549949340245,3,0.9943065905065103,0.004180267049897795,3
